,property_type,land_size_bin,yr,count,mean,std,min,25%,50%,75%,max
0,acreage,0,2008,1.0,1100000.0,,1100000.0,1100000.0,1100000.0,1100000.0,1100000.0
1,acreage,0,2009,1.0,1112500.0,,1112500.0,1112500.0,1112500.0,1112500.0,1112500.0
2,acreage,0,2010,1.0,1300000.0,,1300000.0,1300000.0,1300000.0,1300000.0,1300000.0
3,acreage,0,2013,4.0,2937500.0,994463.8421447676,1750000.0,2312500.0,3050000.0,3675000.0,3900000.0
4,acreage,0,2014,2.0,1800000.0,141421.35623730952,1700000.0,1750000.0,1800000.0,1850000.0,1900000.0
5,acreage,0,2015,4.0,2596250.0,629462.4029016084,1975000.0,2106250.0,2575000.0,3065000.0,3260000.0
6,acreage,0,2016,3.0,5000000.0,926012.9588726067,4100000.0,4525000.0,4950000.0,5450000.0,5950000.0
7,acreage,0,2017,4.0,4500000.0,2526196.0863453704,2350000.0,2837500.0,3825000.0,5487500.0,8000000.0
8,acreage,0,2018,2.0,4975000.0,1096015.5108391487,4200000.0,4587500.0,4975000.0,5362500.0,5750000.0
9,acreage,0,2019,2.0,3352500.0,236880.77169749342,3185000.0,3268750.0,3352500.0,3436250.0,3520000.0
10,acreage,0,2020,3.0,4513333.333333333,4757860.163280688,1110000.0,1795000.0,2480000.0,6215000.0,9950000.0
11,acreage,0,2021,6.0,5900000.0,5921570.737566174,2150000.0,3537500.0,3900000.0,4075000.0,17900000.0
12,acreage,200,2016,1.0,430000.0,,430000.0,430000.0,430000.0,430000.0,430000.0
13,acreage,200,2021,1.0,782000.0,,782000.0,782000.0,782000.0,782000.0,782000.0
14,acreage,400,2016,1.0,495000.0,,495000.0,495000.0,495000.0,495000.0,495000.0
15,acreage,600,2022,0.0,,,,,,,
16,acreage,800,2013,1.0,515000.0,,515000.0,515000.0,515000.0,515000.0,515000.0
17,duplex-semi-detached,0,2008,1.0,570000.0,,570000.0,570000.0,570000.0,570000.0,570000.0
18,duplex-semi-detached,0,2009,3.0,557666.6666666666,50013.331556029465,523000.0,529000.0,535000.0,575000.0,615000.0
19,duplex-semi-detached,0,2012,0.0,,,,,,,
20,duplex-semi-detached,0,2013,3.0,1140000.0,108282.03913853857,1025000.0,1090000.0,1155000.0,1197500.0,1240000.0
21,duplex-semi-detached,0,2015,1.0,750000.0,,750000.0,750000.0,750000.0,750000.0,750000.0
22,duplex-semi-detached,0,2016,6.0,1487500.0,553019.9815558204,980000.0,1122000.0,1330000.0,1650500.0,2475000.0
23,duplex-semi-detached,0,2017,4.0,1501500.0,585222.7496147656,921000.0,1092750.0,1430000.0,1838750.0,2225000.0
24,duplex-semi-detached,0,2018,4.0,1148922.25,541544.0156136126,460000.0,907750.0,1191000.0,1432172.25,1753689.0
25,duplex-semi-detached,0,2019,6.0,1651000.0,975145.1174056096,650000.0,761250.0,1605500.0,2557750.0,2690000.0
26,duplex-semi-detached,0,2020,4.0,1891250.0,762652.9901163002,1165000.0,1266250.0,1925000.0,2550000.0,2550000.0
27,duplex-semi-detached,0,2021,14.0,1371642.857142857,466102.26793679537,510000.0,1030250.0,1560000.0,1710000.0,1835000.0
28,duplex-semi-detached,0,2022,4.0,1169500.0,488986.3665447807,738000.0,754500.0,1140000.0,1555000.0,1660000.0
29,duplex-semi-detached,200,2008,4.0,695750.0,253203.9691632025,403000.0,535750.0,705000.0,865000.0,970000.0
30,duplex-semi-detached,200,2009,5.0,489600.0,218828.24314973605,265000.0,280000.0,495000.0,653000.0,755000.0
31,duplex-semi-detached,200,2010,6.0,829500.0,399213.60197267827,510000.0,564000.0,617500.0,1122500.0,1395000.0
32,duplex-semi-detached,200,2011,5.0,717200.0,152599.80340747494,465000.0,700000.0,760000.0,801000.0,860000.0
33,duplex-semi-detached,200,2012,11.0,627209.0909090909,135869.42595407882,445000.0,512500.0,650000.0,757500.0,820000.0
34,duplex-semi-detached,200,2013,23.0,1001263.1304347826,716660.4635298684,470500.0,678750.0,753000.0,1046388.0,4000000.0
35,duplex-semi-detached,200,2014,19.0,938473.6842105263,417153.0985170063,500000.0,677500.0,780000.0,1072500.0,2040000.0
36,duplex-semi-detached,200,2015,33.0,1057545.4545454546,263361.6027571563,475000.0,870000.0,985000.0,1175000.0,1700000.0
37,duplex-semi-detached,200,2016,51.0,1056305.8823529412,385145.64227666636,460000.0,829000.0,975000.0,1225000.0,2600000.0
38,duplex-semi-detached,200,2017,55.0,1211580.9090909092,407445.82922047225,415000.0,1012500.0,1151550.0,1365000.0,3120000.0
39,duplex-semi-detached,200,2018,61.0,1169673.6065573771,468609.58728289226,601000.0,887000.0,1050000.0,1307500.0,3300000.0
40,duplex-semi-detached,200,2019,68.0,1128184.5588235294,414752.9157686639,515000.0,865250.0,1030000.0,1227500.0,2691000.0
41,duplex-semi-detached,200,2020,101.0,1359033.1782178218,421591.6999102424,636250.0,1020000.0,1310000.0,1690000.0,2570000.0
42,duplex-semi-detached,200,2021,219.0,1440701.095890411,441826.9474509668,650000.0,1145000.0,1355000.0,1686250.0,3260000.0
43,duplex-semi-detached,200,2022,150.0,1335206.6666666667,403486.4883288932,665000.0,1087750.0,1252500.0,1503750.0,2650000.0
44,duplex-semi-detached,400,2008,2.0,640000.0,148492.42404917497,535000.0,587500.0,640000.0,692500.0,745000.0
45,duplex-semi-detached,400,2010,0.0,,,,,,,
46,duplex-semi-detached,400,2011,2.0,712500.0,123743.68670764581,625000.0,668750.0,712500.0,756250.0,800000.0
47,duplex-semi-detached,400,2012,2.0,1472500.0,894490.0782009827,840000.0,1156250.0,1472500.0,1788750.0,2105000.0
48,duplex-semi-detached,400,2013,3.0,729666.6666666666,113315.19462690488,625000.0,669500.0,714000.0,782000.0,850000.0
49,duplex-semi-detached,400,2014,5.0,952700.0,133379.90853198242,855000.0,858500.0,920000.0,950000.0,1180000.0
50,duplex-semi-detached,400,2015,9.0,1112888.888888889,212677.2463408136,695000.0,1020000.0,1180000.0,1265000.0,1365000.0
51,duplex-semi-detached,400,2016,14.0,1230571.4285714286,282671.24538416177,860000.0,1007500.0,1192500.0,1372500.0,1725000.0
52,duplex-semi-detached,400,2017,11.0,1432272.7272727273,344044.79095289065,1000000.0,1260000.0,1350000.0,1562500.0,2175000.0
53,duplex-semi-detached,400,2018,10.0,1264500.0,236107.9084750116,780000.0,1170000.0,1262500.0,1395000.0,1680000.0
54,duplex-semi-detached,400,2019,11.0,1751136.3636363635,1675573.485271671,815000.0,1042500.0,1165000.0,1709000.0,6700000.0
55,duplex-semi-detached,400,2020,29.0,1318769.3103448276,315468.8405932061,700000.0,1145000.0,1275000.0,1481000.0,1940000.0
56,duplex-semi-detached,400,2021,60.0,1596228.1333333333,462479.3290452573,720000.0,1277000.0,1520944.0,2002500.0,2450000.0
57,duplex-semi-detached,400,2022,15.0,2046666.6666666667,654281.6853691718,1080000.0,1512500.0,1810000.0,2635000.0,2880000.0
58,duplex-semi-detached,600,2010,2.0,831000.0,41012.193308819755,802000.0,816500.0,831000.0,845500.0,860000.0
59,duplex-semi-detached,600,2015,1.0,1808000.0,,1808000.0,1808000.0,1808000.0,1808000.0,1808000.0
60,duplex-semi-detached,600,2016,1.0,1720000.0,,1720000.0,1720000.0,1720000.0,1720000.0,1720000.0
61,duplex-semi-detached,600,2017,1.0,1080000.0,,1080000.0,1080000.0,1080000.0,1080000.0,1080000.0
62,duplex-semi-detached,600,2020,1.0,1300000.0,,1300000.0,1300000.0,1300000.0,1300000.0,1300000.0
63,duplex-semi-detached,600,2021,2.0,1490000.0,339411.2549695428,1250000.0,1370000.0,1490000.0,1610000.0,1730000.0
64,duplex-semi-detached,600,2022,1.0,1680000.0,,1680000.0,1680000.0,1680000.0,1680000.0,1680000.0
65,duplex-semi-detached,800,2018,1.0,1375000.0,,1375000.0,1375000.0,1375000.0,1375000.0,1375000.0
66,duplex-semi-detached,800,2019,1.0,1750000.0,,1750000.0,1750000.0,1750000.0,1750000.0,1750000.0
67,duplex-semi-detached,800,2021,1.0,2675000.0,,2675000.0,2675000.0,2675000.0,2675000.0,2675000.0
68,house,0,2007,2.0,615000.0,49497.474683058324,580000.0,597500.0,615000.0,632500.0,650000.0
69,house,0,2008,11.0,667000.0,240514.4486304305,465000.0,540000.0,649000.0,679000.0,1350000.0
70,house,0,2009,37.0,704972.972972973,155249.214792519,408000.0,602500.0,670000.0,811000.0,1050000.0
71,house,0,2010,39.0,884230.7692307692,258012.0826973299,370000.0,712500.0,820000.0,1013000.0,1481000.0
72,house,0,2011,38.0,850684.2105263158,155966.75066026748,430000.0,760000.0,835000.0,908250.0,1400000.0
73,house,0,2012,44.0,903843.1818181818,251571.74888320075,330000.0,738750.0,833250.0,1101250.0,1625000.0
74,house,0,2013,69.0,911724.6376811594,228075.07368627362,448000.0,774000.0,862000.0,970000.0,1620000.0
75,house,0,2014,96.0,1103412.6041666667,364628.05820450664,620000.0,880750.0,1004000.0,1222000.0,2865000.0
76,house,0,2015,125.0,1369526.0,905528.8575850881,415000.0,970000.0,1180000.0,1380000.0,6700000.0
77,house,0,2016,119.0,1390453.3697478992,582091.5645453283,435000.0,1062500.0,1277000.0,1550000.0,4200000.0
78,house,0,2017,102.0,1428143.8921568627,435120.9669203509,455000.0,1207469.25,1350000.0,1585000.0,3500000.0
79,house,0,2018,95.0,1322581.5789473683,355547.7072496167,455000.0,1075000.0,1271000.0,1427000.0,2880000.0
80,house,0,2019,165.0,1431204.2424242424,397081.9746035607,745000.0,1170000.0,1374000.0,1621000.0,3557000.0
81,house,0,2020,183.0,1567394.262295082,885829.153790904,765000.0,1260000.0,1400000.0,1642500.0,10350000.0
82,house,0,2021,287.0,1867002.4703832753,828743.3176893811,182000.0,1442500.0,1700000.0,2110000.0,8400000.0
83,house,0,2022,100.0,1896603.0,795710.4704722641,590000.0,1461250.0,1722500.0,2212500.0,5500000.0
84,house,200,2005,1.0,628000.0,,628000.0,628000.0,628000.0,628000.0,628000.0
85,house,200,2006,2.0,416000.0,132936.07486307094,322000.0,369000.0,416000.0,463000.0,510000.0
86,house,200,2007,11.0,759181.8181818182,231592.235699653,570000.0,637500.0,712000.0,761000.0,1410000.0
87,house,200,2008,23.0,780521.7391304348,304510.35503593413,488000.0,624250.0,695000.0,825000.0,1900000.0
88,house,200,2009,81.0,843948.8518518518,311989.5776673121,807.0,675000.0,800000.0,940000.0,1850000.0
89,house,200,2010,68.0,1094117.6470588236,426598.51373714284,390000.0,852125.0,972500.0,1257500.0,3125000.0
90,house,200,2011,105.0,1012526.1904761905,346987.6028665005,400000.0,796000.0,915000.0,1180000.0,2275000.0
91,house,200,2012,120.0,940879.1666666666,344465.7353636728,388500.0,750000.0,862500.0,1075000.0,2160000.0
92,house,200,2013,156.0,1107408.1153846155,818733.5548766726,342000.0,833750.0,1022500.0,1259166.0,10370000.0
93,house,200,2014,277.0,1146066.263537906,486397.96357121365,330500.0,880000.0,1080000.0,1320000.0,5000000.0
94,house,200,2015,376.0,1234983.9095744682,454289.9040338387,500000.0,860000.0,1230000.0,1476250.0,3210000.0
95,house,200,2016,366.0,1262483.3551912569,489923.10627742956,345000.0,880000.0,1210000.0,1500000.0,3490000.0
96,house,200,2017,459.0,1337557.51416122,675854.3311513517,92600.0,831000.0,1150000.0,1620000.0,4815000.0
97,house,200,2018,446.0,1145479.7869955157,538288.1057982071,480000.0,791975.0,937500.0,1367250.0,4255000.0
98,house,200,2019,528.0,1177461.5303030303,628830.2221463843,470000.0,774375.0,920500.0,1420000.0,7850000.0
99,house,200,2020,983.0,1132254.9298067142,563621.0183132442,393325.0,780000.0,885000.0,1363750.0,4500000.0
100,house,200,2021,1376.0,1433210.6976744186,740367.075683302,1120.0,940000.0,1179500.0,1700000.0,6100000.0
101,house,200,2022,458.0,1508230.1419213973,741184.8400122485,597000.0,1125000.0,1297950.0,1695000.0,7525000.0
102,house,400,2003,0.0,,,,,,,
103,house,400,2004,3.0,450333.3333333333,28378.395538390352,425000.0,435000.0,445000.0,463000.0,481000.0
104,house,400,2005,3.0,392500.0,27041.63456597992,362500.0,381250.0,400000.0,407500.0,415000.0
105,house,400,2006,2.0,404000.0,8485.28137423857,398000.0,401000.0,404000.0,407000.0,410000.0
106,house,400,2007,9.0,840333.3333333334,227517.58173820327,535000.0,800000.0,826000.0,880000.0,1352000.0
107,house,400,2008,31.0,709948.0,333792.2399097978,307000.0,462500.0,651388.0,872500.0,1600000.0
108,house,400,2009,95.0,910307.9052631579,447969.34984752047,420000.0,600000.0,815000.0,1015000.0,2600000.0
109,house,400,2010,86.0,1025077.4418604651,591133.0102124145,395000.0,620500.0,840000.0,1295000.0,4000000.0
110,house,400,2011,85.0,994767.6470588235,424512.6719115054,447000.0,650000.0,870000.0,1250000.0,2350000.0
111,house,400,2012,170.0,884747.8235294118,403071.6994383683,402500.0,610000.0,780000.0,1024500.0,2200000.0
112,house,400,2013,230.0,962085.547826087,417694.44592494366,275000.0,690450.0,820000.0,1090000.0,2915000.0
113,house,400,2014,428.0,1046132.7219626168,405424.7629731974,360000.0,780000.0,930000.0,1261250.0,2900000.0
114,house,400,2015,554.0,1237538.059566787,525216.4623055093,411750.0,857000.0,1117750.0,1498750.0,4550000.0
115,house,400,2016,633.0,1245729.6192733017,582427.7040324204,420000.0,854000.0,1080000.0,1520000.0,5300000.0
116,house,400,2017,619.0,1319154.0936995153,552161.3954083344,465000.0,949700.0,1170000.0,1580000.0,4050000.0
117,house,400,2018,552.0,1220484.963768116,521225.7265592535,500000.0,869750.0,1050000.0,1409250.0,3700000.0
118,house,400,2019,802.0,1191954.0810473815,718611.6639082395,509000.0,850000.0,1000000.0,1320750.0,15250000.0
119,house,400,2020,1161.0,1263528.233419466,673928.4566934216,530000.0,881000.0,1060000.0,1411000.0,10000000.0
120,house,400,2021,2002.0,1560033.1633366633,760390.9178914094,50000.0,1041250.0,1380000.0,1830000.0,12000000.0
121,house,400,2022,773.0,1548447.8033635188,686747.6354112726,736000.0,1118000.0,1400000.0,1765000.0,11050000.0
122,house,600,1970,0.0,,,,,,,
123,house,600,2001,1.0,896000.0,,896000.0,896000.0,896000.0,896000.0,896000.0
124,house,600,2004,3.0,481666.6666666667,55752.42894559244,440000.0,450000.0,460000.0,502500.0,545000.0
125,house,600,2005,5.0,476400.0,45927.116173345785,410000.0,465000.0,470000.0,506000.0,531000.0
126,house,600,2006,1.0,498000.0,,498000.0,498000.0,498000.0,498000.0,498000.0
127,house,600,2007,12.0,679667.0833333334,233266.1121830439,422000.0,485750.0,662500.0,816500.0,1100000.0
128,house,600,2008,49.0,711453.8775510204,296178.878887801,377990.0,498000.0,615000.0,835000.0,2030000.0
129,house,600,2009,93.0,853193.1935483871,448862.3261373102,395000.0,580000.0,774000.0,985000.0,3750000.0
130,house,600,2010,105.0,926023.8,455911.3750135841,430000.0,616000.0,763000.0,1100000.0,3450000.0
131,house,600,2011,105.0,891881.9047619047,406653.46705219144,343500.0,595000.0,818000.0,1072500.0,2900000.0
132,house,600,2012,149.0,864576.5167785235,391247.75043678645,430000.0,645000.0,788000.0,970000.0,4200000.0
133,house,600,2013,221.0,975103.0,446473.49356242456,315000.0,725000.0,856000.0,1150500.0,5000000.0
134,house,600,2014,419.0,1108211.2649164677,455121.49797301897,1000.0,812000.0,988000.0,1338794.0,5380000.0
135,house,600,2015,576.0,1366761.814236111,510726.83294342656,460000.0,1000000.0,1318500.0,1613250.0,5500000.0
136,house,600,2016,532.0,1380674.3890977444,513459.77148011106,460000.0,1040000.0,1320000.0,1585500.0,4375000.0
137,house,600,2017,445.0,1588614.4202247192,647533.7930632008,610000.0,1180000.0,1480000.0,1887000.0,7350000.0
138,house,600,2018,453.0,1430249.0618101545,619580.3021119875,510000.0,1000000.0,1288000.0,1688000.0,5350000.0
139,house,600,2019,693.0,1355325.9206349207,651256.3622091558,530000.0,950000.0,1240000.0,1540000.0,7250000.0
140,house,600,2020,928.0,1488079.020474138,687727.6723058932,520000.0,1050900.0,1350500.0,1755000.0,8800000.0
141,house,600,2021,1398.0,1891639.9599427753,859494.6895259753,634950.0,1350000.0,1750000.0,2280000.0,12500000.0
142,house,600,2022,528.0,1837330.4659090908,763203.2526750759,760000.0,1328750.0,1680000.0,2157500.0,6680000.0
143,house,800,2004,1.0,850000.0,,850000.0,850000.0,850000.0,850000.0,850000.0
144,house,800,2007,11.0,704215.0,327969.44518506597,865.0,549000.0,680000.0,942500.0,1165000.0
145,house,800,2008,18.0,821632.6666666666,306973.29733803927,430000.0,541250.0,862500.0,1002166.0,1550000.0
146,house,800,2009,37.0,949548.2972972973,333577.18305853935,421000.0,690000.0,890000.0,1170000.0,2140000.0
147,house,800,2010,40.0,1147803.45,338123.0513747499,585000.0,841000.0,1245000.0,1382500.0,1735000.0
148,house,800,2011,42.0,914500.0,282557.3975793755,572000.0,687250.0,840000.0,1060000.0,1995000.0
149,house,800,2012,60.0,925588.3333333334,281633.8265096423,520000.0,745000.0,850000.0,1098750.0,1928000.0
150,house,800,2013,104.0,1088815.3846153845,341720.9074609969,325000.0,840000.0,1032500.0,1253000.0,2385000.0
151,house,800,2014,195.0,1271384.9538461538,422816.8442538159,500000.0,965000.0,1189000.0,1510500.0,3280000.0
152,house,800,2015,173.0,1602172.7630057803,605995.3960844922,640000.0,1244000.0,1480000.0,1810000.0,4850000.0
153,house,800,2016,176.0,1605675.2897727273,509669.9379494718,633500.0,1290625.0,1515000.0,1802560.0,3550000.0
154,house,800,2017,182.0,1853505.456043956,655812.4824285692,867500.0,1417000.0,1703500.0,2097500.0,5100000.0
155,house,800,2018,144.0,1645085.4166666667,601354.8900373667,575000.0,1310000.0,1512000.0,1923750.0,4560000.0
156,house,800,2019,235.0,1540171.225531915,531074.7784811149,690000.0,1188000.0,1460000.0,1750000.0,4120000.0
157,house,800,2020,293.0,1760544.5392491468,879079.5256801887,640000.0,1310000.0,1610000.0,1985000.0,10860000.0
158,house,800,2021,438.0,2249302.4566210047,876357.9806996871,605000.0,1676250.0,2095000.0,2653750.0,7000000.0
159,house,800,2022,169.0,2258301.840236686,825555.5091917431,905000.0,1680000.0,2100000.0,2650000.0,5800000.0
160,house,1000,2005,1.0,470000.0,,470000.0,470000.0,470000.0,470000.0,470000.0
161,house,1000,2007,1.0,445000.0,,445000.0,445000.0,445000.0,445000.0,445000.0
162,house,1000,2008,8.0,861750.0,418128.73957328364,499000.0,570000.0,760000.0,921250.0,1750000.0
163,house,1000,2009,14.0,1037678.5714285715,372961.309972313,445000.0,733375.0,1100000.0,1294500.0,1595000.0
164,house,1000,2010,12.0,1217833.3333333333,452314.6196526431,528000.0,962500.0,1080000.0,1431250.0,2320000.0
165,house,1000,2011,12.0,1299583.3333333333,626814.5235791022,610000.0,873250.0,1180000.0,1396250.0,2700000.0
166,house,1000,2012,17.0,1009832.6470588235,269085.64190907264,562655.0,780000.0,1065000.0,1175000.0,1500000.0
167,house,1000,2013,37.0,1235418.9189189188,435838.64741045685,566000.0,910000.0,1175000.0,1480000.0,2338000.0
168,house,1000,2014,58.0,1357337.948275862,481980.5820700417,495000.0,1026500.0,1250000.0,1641500.0,3000000.0
169,house,1000,2015,65.0,1664984.6153846155,605187.8709414253,700000.0,1305000.0,1580000.0,1910000.0,3600000.0
170,house,1000,2016,58.0,1812394.6206896552,656792.1268047682,910000.0,1402500.0,1650000.0,2102750.0,4050000.0
171,house,1000,2017,67.0,1869816.2388059702,691637.7656635469,700000.0,1302500.0,1728000.0,2225000.0,4200000.0
172,house,1000,2018,39.0,1814512.8205128205,708031.9507284694,690000.0,1260000.0,1830000.0,2140000.0,3880000.0
173,house,1000,2019,58.0,1578586.2068965517,592318.8607404535,735000.0,1092500.0,1623750.0,1928000.0,3705000.0
174,house,1000,2020,87.0,2005296.551724138,825516.2781272623,820000.0,1470000.0,1850000.0,2425000.0,5955000.0
175,house,1000,2021,136.0,2355620.1102941176,1026563.6234546548,750000.0,1571300.0,2205000.0,2863000.0,5901000.0
176,house,1000,2022,49.0,2421602.0408163266,903952.7145841654,1060000.0,1830000.0,2400000.0,2900000.0,5800000.0
177,residential-other,0,2013,1.0,625000.0,,625000.0,625000.0,625000.0,625000.0,625000.0
178,residential-other,0,2016,0.0,,,,,,,
179,residential-other,0,2017,0.0,,,,,,,
180,residential-other,0,2018,1.0,690000.0,,690000.0,690000.0,690000.0,690000.0,690000.0
181,residential-other,0,2020,1.0,481000.0,,481000.0,481000.0,481000.0,481000.0,481000.0
182,residential-other,0,2021,3.0,4164000.0,4321461.32691246,1062000.0,1696000.0,2330000.0,5715000.0,9100000.0
183,residential-other,200,2015,1.0,2550000.0,,2550000.0,2550000.0,2550000.0,2550000.0,2550000.0
184,residential-other,200,2017,0.0,,,,,,,
185,residential-other,200,2018,0.0,,,,,,,
186,residential-other,200,2019,2.0,1712500.0,159099.02576697318,1600000.0,1656250.0,1712500.0,1768750.0,1825000.0
187,residential-other,200,2020,1.0,480000.0,,480000.0,480000.0,480000.0,480000.0,480000.0
188,residential-other,200,2021,1.0,555000.0,,555000.0,555000.0,555000.0,555000.0,555000.0
189,residential-other,200,2022,2.0,1309155.0,123906.32126731872,1221540.0,1265347.5,1309155.0,1352962.5,1396770.0
190,residential-other,400,2004,1.0,350000.0,,350000.0,350000.0,350000.0,350000.0,350000.0
191,residential-other,400,2005,1.0,310000.0,,310000.0,310000.0,310000.0,310000.0,310000.0
192,residential-other,400,2009,1.0,380000.0,,380000.0,380000.0,380000.0,380000.0,380000.0
193,residential-other,400,2011,0.0,,,,,,,
194,residential-other,400,2012,1.0,298000.0,,298000.0,298000.0,298000.0,298000.0,298000.0
195,residential-other,400,2014,1.0,565000.0,,565000.0,565000.0,565000.0,565000.0,565000.0
196,residential-other,400,2016,1.0,545000.0,,545000.0,545000.0,545000.0,545000.0,545000.0
197,residential-other,400,2018,3.0,1278333.3333333333,1362775.9659361965,425000.0,492500.0,560000.0,1705000.0,2850000.0
198,residential-other,600,2011,1.0,2580000.0,,2580000.0,2580000.0,2580000.0,2580000.0,2580000.0
199,residential-other,600,2012,1.0,382500.0,,382500.0,382500.0,382500.0,382500.0,382500.0
200,residential-other,600,2013,1.0,720000.0,,720000.0,720000.0,720000.0,720000.0,720000.0
201,residential-other,600,2015,1.0,4599000.0,,4599000.0,4599000.0,4599000.0,4599000.0,4599000.0
202,residential-other,600,2016,1.0,835000.0,,835000.0,835000.0,835000.0,835000.0,835000.0
203,residential-other,600,2019,1.0,800000.0,,800000.0,800000.0,800000.0,800000.0,800000.0
204,residential-other,600,2020,2.0,1165000.0,332340.1871576773,930000.0,1047500.0,1165000.0,1282500.0,1400000.0
205,residential-other,800,2011,0.0,,,,,,,
206,residential-other,800,2015,1.0,1170000.0,,1170000.0,1170000.0,1170000.0,1170000.0,1170000.0
207,residential-other,800,2022,1.0,1758410.0,,1758410.0,1758410.0,1758410.0,1758410.0,1758410.0
208,residential-other,1000,2013,1.0,727500.0,,727500.0,727500.0,727500.0,727500.0,727500.0
209,residential-other,1000,2021,1.0,2500000.0,,2500000.0,2500000.0,2500000.0,2500000.0,2500000.0
210,terrace,0,2008,1.0,885000.0,,885000.0,885000.0,885000.0,885000.0,885000.0
211,terrace,0,2009,1.0,459000.0,,459000.0,459000.0,459000.0,459000.0,459000.0
212,terrace,0,2011,1.0,550000.0,,550000.0,550000.0,550000.0,550000.0,550000.0
213,terrace,0,2012,3.0,658333.3333333334,28431.203515386635,635000.0,642500.0,650000.0,670000.0,690000.0
214,terrace,0,2013,6.0,900277.3333333334,96892.60874734804,800000.0,812500.0,901944.0,979388.0,1009888.0
215,terrace,0,2014,4.0,985000.0,201411.68453361056,800000.0,882500.0,935000.0,1037500.0,1270000.0
216,terrace,0,2015,5.0,1532000.0,685251.7785456671,850000.0,1110000.0,1220000.0,1980000.0,2500000.0
217,terrace,0,2016,3.0,1337000.0,345278.14874387864,1000000.0,1160500.0,1321000.0,1505500.0,1690000.0
218,terrace,0,2017,5.0,1131000.0,258055.22664732058,685000.0,1150000.0,1225000.0,1260000.0,1335000.0
219,terrace,0,2018,6.0,1247083.3333333333,100578.53482063986,1120000.0,1173125.0,1250000.0,1325000.0,1365000.0
220,terrace,0,2019,15.0,1381000.0,449329.65944520384,680000.0,1070000.0,1300000.0,1582500.0,2350000.0
221,terrace,0,2020,25.0,1674140.0,566154.0117317901,902500.0,1310000.0,1550000.0,1850000.0,3060000.0
222,terrace,0,2021,36.0,2293236.111111111,977986.1705574305,710000.0,1640250.0,2127500.0,2752500.0,4900000.0
223,terrace,0,2022,23.0,2767734.782608696,900054.6244073168,1175000.0,2170000.0,2635000.0,3175000.0,4800000.0
224,terrace,200,2008,1.0,720000.0,,720000.0,720000.0,720000.0,720000.0,720000.0
225,terrace,200,2009,1.0,1155000.0,,1155000.0,1155000.0,1155000.0,1155000.0,1155000.0
226,terrace,200,2010,1.0,1225000.0,,1225000.0,1225000.0,1225000.0,1225000.0,1225000.0
227,terrace,200,2011,1.0,1580000.0,,1580000.0,1580000.0,1580000.0,1580000.0,1580000.0
228,terrace,200,2012,1.0,2150000.0,,2150000.0,2150000.0,2150000.0,2150000.0,2150000.0
229,terrace,200,2013,3.0,911962.6666666666,162047.09248034452,725000.0,861944.0,998888.0,1005444.0,1012000.0
230,terrace,200,2014,4.0,1498750.0,318652.76294633525,1200000.0,1237500.0,1490000.0,1751250.0,1815000.0
231,terrace,200,2016,2.0,922500.0,53033.00858899106,885000.0,903750.0,922500.0,941250.0,960000.0
232,terrace,200,2019,2.0,1770000.0,1173797.2567696688,940000.0,1355000.0,1770000.0,2185000.0,2600000.0
233,terrace,200,2020,7.0,2709285.714285714,947089.526617506,1535000.0,1997500.0,2500000.0,3517500.0,3900000.0
234,terrace,200,2021,11.0,2367545.4545454546,852388.3344622172,1125000.0,1845000.0,2191000.0,3025000.0,3875000.0
235,terrace,200,2022,2.0,1202500.0,109601.55108391486,1125000.0,1163750.0,1202500.0,1241250.0,1280000.0
236,townhouse,0,2006,1.0,425000.0,,425000.0,425000.0,425000.0,425000.0,425000.0
237,townhouse,0,2007,0.0,,,,,,,
238,townhouse,0,2008,1.0,500000.0,,500000.0,500000.0,500000.0,500000.0,500000.0
239,townhouse,0,2009,3.0,516333.3333333333,40991.86911246343,469000.0,504500.0,540000.0,540000.0,540000.0
240,townhouse,0,2010,9.0,570666.6666666666,138448.54639901422,400000.0,480000.0,540000.0,625000.0,800000.0
241,townhouse,0,2011,7.0,538714.2857142857,30092.71387846946,490000.0,520000.0,542000.0,564500.0,570000.0
242,townhouse,0,2012,7.0,518000.0,51332.251070842394,450000.0,479000.0,518000.0,560000.0,580000.0
243,townhouse,0,2013,5.0,692600.0,154548.6978269309,478000.0,619000.0,699000.0,787000.0,880000.0
244,townhouse,0,2014,32.0,749092.1875,180708.30894252466,362000.0,625000.0,713500.0,863500.0,1152000.0
245,townhouse,0,2015,30.0,848900.0,257431.39025700648,368000.0,691250.0,872500.0,982000.0,1525000.0
246,townhouse,0,2016,31.0,839104.8387096775,216085.9567991554,440000.0,686500.0,800000.0,958500.0,1280000.0
247,townhouse,0,2017,24.0,1030312.5,424137.9444519354,485000.0,772750.0,879000.0,1260000.0,2235000.0
248,townhouse,0,2018,19.0,850842.1052631579,182537.82352582124,608500.0,707500.0,810000.0,987500.0,1180000.0
249,townhouse,0,2019,32.0,886781.25,280635.9695032557,560000.0,728125.0,806500.0,940750.0,1830000.0
250,townhouse,0,2020,39.0,852392.3076923077,178284.8214819484,540100.0,745250.0,828000.0,970500.0,1305500.0
251,townhouse,0,2021,92.0,1053804.347826087,421152.59793822886,480000.0,757500.0,907500.0,1310500.0,2710000.0
252,townhouse,0,2022,55.0,924991.8181818182,385054.87220361736,455000.0,687500.0,820000.0,1007500.0,2425000.0
253,townhouse,200,2008,1.0,499950.0,,499950.0,499950.0,499950.0,499950.0,499950.0
254,townhouse,200,2009,3.0,711666.6666666666,163732.50542678853,580000.0,620000.0,660000.0,777500.0,895000.0
255,townhouse,200,2010,3.0,1011666.6666666666,154299.49233012187,835000.0,957500.0,1080000.0,1100000.0,1120000.0
256,townhouse,200,2011,9.0,693777.7777777778,124695.40666938957,590000.0,625000.0,635000.0,715000.0,980000.0
257,townhouse,200,2012,7.0,649000.0,213003.3254826475,423000.0,491250.0,600000.0,765250.0,1007000.0
258,townhouse,200,2013,19.0,730877.052631579,173696.9862252057,440000.0,616500.0,708000.0,888888.0,1043000.0
259,townhouse,200,2014,21.0,1088537.0,1177306.2620945324,540000.0,720000.0,870000.0,952000.0,6175000.0
260,townhouse,200,2015,35.0,1026868.2285714286,303046.98833942116,365000.0,839000.0,968000.0,1174000.0,1865000.0
261,townhouse,200,2016,34.0,940764.7058823529,309433.5057393645,485000.0,686000.0,870000.0,1125000.0,1755000.0
262,townhouse,200,2017,29.0,1082034.4827586208,328506.87454848754,665000.0,845000.0,1100000.0,1248000.0,2040000.0
263,townhouse,200,2018,30.0,1019083.3333333334,430839.5389623999,668500.0,775000.0,906000.0,988875.0,2500000.0
264,townhouse,200,2019,39.0,941471.4871794871,183048.89631761922,625500.0,795750.0,918000.0,1067500.0,1475000.0
265,townhouse,200,2020,70.0,1000560.7142857143,418594.3530239513,548000.0,716625.0,900000.0,1127500.0,3311000.0
266,townhouse,200,2021,141.0,1118400.5319148935,390773.11362997466,520000.0,820000.0,1005000.0,1348000.0,2515000.0
267,townhouse,200,2022,74.0,1086870.0810810812,495476.590243013,612000.0,785000.0,895500.0,1236250.0,2900000.0
268,townhouse,400,2011,2.0,596000.0,29698.484809834998,575000.0,585500.0,596000.0,606500.0,617000.0
269,townhouse,400,2012,1.0,705000.0,,705000.0,705000.0,705000.0,705000.0,705000.0
270,townhouse,400,2014,4.0,1108875.0,605952.7449947452,750000.0,784500.0,835500.0,1159875.0,2014500.0
271,townhouse,400,2015,2.0,900000.0,282842.71247461904,700000.0,800000.0,900000.0,1000000.0,1100000.0
272,townhouse,400,2017,3.0,1250666.6666666667,391339.1538465495,837000.0,1068500.0,1300000.0,1457500.0,1615000.0
273,townhouse,400,2018,3.0,1118333.3333333333,368996.38661284116,770000.0,925000.0,1080000.0,1292500.0,1505000.0
274,townhouse,400,2019,6.0,951314.6666666666,95795.72689147815,815000.0,898472.0,954444.0,1000000.0,1089000.0
275,townhouse,400,2020,4.0,997522.0,138763.65255113938,885000.0,931500.0,952544.0,1018566.0,1200000.0
276,townhouse,400,2021,5.0,998900.0,257344.22472633809,665000.0,852500.0,1050000.0,1077000.0,1350000.0
277,townhouse,400,2022,1.0,835000.0,,835000.0,835000.0,835000.0,835000.0,835000.0
278,townhouse,600,2010,1.0,895000.0,,895000.0,895000.0,895000.0,895000.0,895000.0
279,townhouse,600,2013,1.0,655000.0,,655000.0,655000.0,655000.0,655000.0,655000.0
280,townhouse,600,2016,1.0,2706000.0,,2706000.0,2706000.0,2706000.0,2706000.0,2706000.0
281,townhouse,600,2017,1.0,1120000.0,,1120000.0,1120000.0,1120000.0,1120000.0,1120000.0
282,townhouse,600,2020,1.0,1185000.0,,1185000.0,1185000.0,1185000.0,1185000.0,1185000.0
283,warehouse,200,2009,1.0,2850000.0,,2850000.0,2850000.0,2850000.0,2850000.0,2850000.0
284,warehouse,200,2019,2.0,3060000.0,1583919.1898578664,1940000.0,2500000.0,3060000.0,3620000.0,4180000.0
285,warehouse,200,2022,1.0,2100000.0,,2100000.0,2100000.0,2100000.0,2100000.0,2100000.0
286,warehouse,400,2011,1.0,818000.0,,818000.0,818000.0,818000.0,818000.0,818000.0
